feature,coef_logit,odds_ratio
num__log_sales,0.5614217444505715,1.7531632794142966
num__survey_year,0.05220652163839808,1.0535933098629668
num__innov_new_product,0.0017471867185486825,1.0017487139385801
num__innov_count,0.0017471867185486825,1.0017487139385801
num__innov_any,0.0017471867185486825,1.0017487139385801
num__innov_rd_investment,0.0,1.0
num__innov_new_process,0.0,1.0
num__firm_age,-0.05033862543128891,0.9509073685578314
