survey_year,n_firms,innov_new_product,innov_new_process,innov_rd_investment,innov_any,innov_count
2013,2897,0.08422506040731792,0.0,0.0,0.08422506040731792,0.08422506040731792
2016,1814,0.07166482910694598,0.0,0.0,0.07166482910694598,0.07166482910694598
2020,3075,0.05105691056910569,0.0,0.0,0.05105691056910569,0.05105691056910569
2025,1024,0.048828125,0.0,0.0,0.048828125,0.048828125
