survey_year,n_firms,innov_new_product,innov_new_process,innov_rd_investment,innov_any,innov_count
2013,2897,0.0842250604073179,0.0,0.0,0.0842250604073179,0.0842250604073179
2016,1814,0.0716648291069459,0.0,0.0,0.0716648291069459,0.0716648291069459
2020,3075,0.0510569105691056,0.0,0.0,0.0510569105691056,0.0510569105691056
2025,1024,0.048828125,0.0,0.0,0.048828125,0.048828125
